20020406-1.yml,0
20051113-1.yml,0
960521-1-1.yml,0
960521-1-2.yml,1
960521-1-3.yml,0
cmp-freed-ptr.yml,N
global-atexit-1.yml,N
global-atexit-2a.yml,N
global-atexit-2b.yml,N
global-atexit-3.yml,N
global-atexit-5.yml,N
global-atexit.yml,N
lockfree-3.0.yml,1
lockfree-3.1.yml,0
lockfree-3.2.yml,0
lockfree-3.3.yml,0
test-0019-1.yml,1
test-0019-2.yml,1
test-0102-1.yml,1
test-0102-2.yml,0
test-0134.yml,1
test-0137.yml,0
test-0158-1.yml,1
test-0158-2.yml,1
test-0158-3.yml,0
test-0214.yml,0
test-0217.yml,0
test-0218.yml,0
test-0219.yml,1
test-0220.yml,0
test-0232-1.yml,0
test-0232-2.yml,1
test-0232-3.yml,0
test-0234-1.yml,1
test-0234-2.yml,0
test-0235-1.yml,0
test-0235-2.yml,1
test-0235-3.yml,0
test-0236.yml,1
test-0237.yml,1
test-0504.yml,1
test-0513.yml,1
test-0521.yml,1
test-memleak_nexttime.yml,1
